Country,expiry
qatar,"235.296404	"
canada,"185.8684592	"
Australia,"193.9413871	"
germany,"165.8285822	"
uk,"160.5037718	"
korea,"156.1654699	"
china,"155.0695076	"
italy,"149.5983372	"
japan,"142.7742077	"
india,"140.4386937	"
